timestamp,toolCallId,reasonForCode
2026-09-07 14:09:42.170,call-023,80408
2026-09-08 15:57:46.765,call-024,80408
2026-09-08 21:44:07.934,call-025,80408
2026-09-08 23:19:29.356,call-026,80408
2026-09-08 23:22:02.840,call-027,80408
2026-09-09 00:17:02.158,call-028,80408
2026-09-09 08:48:08.731,call-029,80408
2026-09-09 12:18:59.803,call-030,80408
2026-09-09 12:20:26.886,call-031,80408
2026-09-09 13:36:46.157,call-032,80408
2026-09-09 13:39:11.112,call-033,80408
2026-09-09 13:41:50.818,call-034,80408
2026-09-09 13:56:52.721,call-035,80408
2026-09-09 14:10:52.315,call-036,80408
2026-09-09 14:11:56.006,call-037,80408
2026-09-09 14:15:45.685,call-038,80408
2026-09-09 14:17:04.329,call-039,80408
2026-09-09 14:20:12.230,call-040,80408
2026-09-09 14:23:46.068,call-041,80408
2026-09-09 14:26:45.214,call-042,80408
2026-09-09 14:27:49.385,call-043,80408
2026-09-09 14:28:58.978,call-044,80408
2026-09-09 14:30:14.275,call-045,80408
2026-09-09 14:31:35.972,call-046,80408
2026-09-09 14:32:41.186,call-047,80408
2026-09-09 14:37:08.105,call-048,80408
2026-09-09 14:44:32.198,call-049,80408
2026-09-09 14:48:49.433,call-050,80408
2026-09-09 14:51:24.017,call-051,80408
2026-09-09 15:24:40.818,call-052,80408
2026-09-09 15:33:21.355,call-053,80408
2026-09-09 17:04:11.719,call-054,80408
2026-09-09 17:05:20.652,call-055,80408
