entry_index,role,cumulative_message_chars
1,user,265
2,assistant,502
3,user,814
4,assistant,6254
5,user,6704
6,user,7016
7,assistant,10383
8,user,10874
9,assistant,11134
10,assistant,12596
11,assistant,17661
12,user,18221
13,assistant,21444
14,user,21806
15,assistant,24166
16,user,24864
17,assistant,24985
18,assistant,29431
19,user,29905
20,assistant,32838
21,user,33290
22,assistant,35958
23,user,36304
24,assistant,39988
25,user,49757
26,assistant,53049
27,user,53497
28,assistant,53887
29,assistant,57494
30,user,57863
31,assistant,62527
32,user,63892
33,assistant,64081
34,assistant,69625
35,user,70296
36,assistant,70497
37,assistant,74865
38,user,75208
39,assistant,77088
40,user,77836
41,assistant,80004
42,user,81602
43,assistant,81844
44,assistant,82025
45,assistant,82256
46,assistant,85134
47,user,95233
48,assistant,100492
49,user,101251
50,assistant,101323
51,user,101773
52,assistant,101978
53,assistant,102180
54,assistant,107064
55,user,116811
56,assistant,119877
57,user,120329
58,assistant,123440
59,user,124064
60,user,124376
61,assistant,124522
62,assistant,128546
63,user,131252
64,assistant,134973
65,user,135589
66,assistant,135827
67,assistant,139424
68,user,139814
69,assistant,142954
70,user,143416
71,user,143741
72,assistant,146783
73,user,147138
74,assistant,147419
75,assistant,149305
76,user,149653
77,assistant,152761
78,user,158718
79,assistant,159099
80,assistant,161571
81,user,162145
82,assistant,165480
83,user,166084
84,assistant,169664
85,user,170184
86,assistant,174536
87,user,175221
88,assistant,178791
89,user,179342
90,assistant,179494
91,assistant,182244
92,user,182793
93,assistant,186987
