timestamp,event
2026-09-01 09:48:05,quota_account_error
2026-09-01 17:22:11,quota_account_error
2026-09-03 13:44:02,quota_account_error
2026-09-03 13:56:43,quota_account_error
2026-09-03 13:58:03,quota_account_error
2026-09-07 14:09:42.170,timeout_80408_resume_button
2026-09-07 14:51:29,quota_account_error
2026-09-08 07:09:03,quota_account_error
2026-09-08 07:22:47,quota_account_error
2026-09-08 09:27:24,quota_account_error
2026-09-08 15:57:46.765,timeout_80408_resume_button
2026-09-08 19:56:09,quota_account_error
2026-09-08 20:25:23,quota_account_error
2026-09-08 21:44:07.934,timeout_80408_resume_button
2026-09-08 22:55:17,quota_account_error
2026-09-08 23:19:29.356,timeout_80408_resume_button
2026-09-08 23:22:02.840,timeout_80408_resume_button
2026-09-08 23:22:34,quota_account_error
2026-09-09 00:17:02.158,timeout_80408_resume_button
2026-09-09 00:26:56,quota_account_error
2026-09-09 00:47:57,quota_account_error
2026-09-09 08:48:08.731,timeout_80408_resume_button
2026-09-09 11:09:30,quota_account_error
2026-09-09 11:49:05,quota_account_error
2026-09-09 12:18:59.803,timeout_80408_resume_button
2026-09-09 12:20:26.886,timeout_80408_resume_button
2026-09-09 12:31:52,quota_account_error
2026-09-09 13:36:46.157,timeout_80408_resume_button
2026-09-09 13:39:11.112,timeout_80408_resume_button
2026-09-09 13:41:50.818,timeout_80408_resume_button
2026-09-09 13:56:52.721,timeout_80408_resume_button
2026-09-09 14:10:52.315,timeout_80408_resume_button
2026-09-09 14:11:56.006,timeout_80408_resume_button
2026-09-09 14:15:45.685,timeout_80408_resume_button
2026-09-09 14:17:04.329,timeout_80408_resume_button
2026-09-09 14:20:12.230,timeout_80408_resume_button
2026-09-09 14:23:46.068,timeout_80408_resume_button
2026-09-09 14:26:45.214,timeout_80408_resume_button
2026-09-09 14:27:49.385,timeout_80408_resume_button
2026-09-09 14:28:58.978,timeout_80408_resume_button
2026-09-09 14:30:14.275,timeout_80408_resume_button
2026-09-09 14:31:35.972,timeout_80408_resume_button
2026-09-09 14:32:41.186,timeout_80408_resume_button
2026-09-09 14:37:08.105,timeout_80408_resume_button
2026-09-09 14:44:32.198,timeout_80408_resume_button
2026-09-09 14:48:49.433,timeout_80408_resume_button
2026-09-09 14:51:24.017,timeout_80408_resume_button
2026-09-09 15:24:40.818,timeout_80408_resume_button
2026-09-09 15:33:21.355,timeout_80408_resume_button
2026-09-09 17:04:11.719,timeout_80408_resume_button
2026-09-09 17:05:20.652,timeout_80408_resume_button
